model,mean_return,volatility,sharpe,turnover,n_obs,runtime_s
extratrees,9.699341559323443e-12,8.880722314225549e-10,12.474749895871737,2.0751792680820345e-06,3926,0.00029329070821404457
xgb,3.652915844821698e-12,1.8170795404283493e-10,7.506503777184143,4.5392357015301926e-10,3926,0.00017512543126940727
ridge,-1.8165590349008064e-11,3.1597061448789703e-10,-33.520579934455995,2.666869055652935e-07,3926,0.0008172923699021339
rf,-8.248659502029026e-11,9.952318473445143e-10,-100.39179222664771,3.1175146290679416e-06,3926,0.00016616703942418098
lgbm,-1.0072727687767478e-09,7.60701217417898e-09,-284.18612807430134,4.600459696927525e-05,3926,0.0001228339970111847
mlp,-4.1046078744575006e-07,1.6108975372457723e-06,-618.3614990318686,0.0041699838699729395,3926,0.00011633383110165596
