model,mean_return,volatility,sharpe,turnover,n_obs,runtime_s
lgbm,1.990411431687862e-05,0.00018900715039738328,255.72343192790373,0.0016473542516029435,26366,0.000358041375875473
xgb,1.7529613297708674e-05,0.00025114352193917033,169.49497419453874,0.0012079919602080258,26366,0.00037295883521437645
extratrees,1.148873001400564e-06,1.7161187954327185e-05,162.557708573782,8.602681730971206e-05,26366,0.00038804206997156143
rf,1.6844984409823735e-06,2.8797351486287625e-05,142.04017034383781,0.0001339736756639593,26366,0.0005232077091932297
ridge,1.507571252351317e-07,5.377375089016267e-06,68.06674137841951,1.0666534719915831e-05,26366,0.0008696247823536396
mlp,2.86608330402514e-06,0.00011334313380659272,61.40418343916733,0.001738243160788913,26366,0.0003626248799264431
