model,mean_return,volatility,sharpe,turnover,n_obs,runtime_s
lgbm,0.00027990986046063385,0.001599662558894648,424.91077615097527,0.010015369710953815,5817,0.00013520801439881325
extratrees,2.3593202824510167e-05,0.00015434987358116365,371.1812316666706,0.0005274470331014614,5817,0.00014866702258586884
rf,2.7935615747994157e-05,0.00018349408169468482,369.69367409585254,0.0008768893093982014,5817,0.00017441622912883759
xgb,0.0002469497691171989,0.002058403472231207,291.3306023441246,0.007258863678593567,5817,0.0001421668566763401
ridge,2.7964815856099063e-06,4.573103860017665e-05,148.49081866451357,1.958261351519489e-05,5817,0.0005312496796250343
mlp,3.095531075565561e-05,0.000594372551579342,126.46894372566575,0.003391574585699181,5817,0.00014562485739588737
