model,mean_return,volatility,sharpe,turnover,n_obs,runtime_s
lgbm,3.405885854457934e-05,0.0002300795318462222,359.46649355951297,0.0027567913811854567,14192,0.0002638748846948147
xgb,2.8877295668868076e-05,0.0002804004794459445,250.08314246907716,0.0018416987217844802,14192,0.00025287503376603127
extratrees,2.6450993774032995e-06,2.9036472026678782e-05,221.20319115098988,0.00015533372448492096,14192,0.00024966662749648094
rf,2.4581802693062883e-06,3.759617287352345e-05,158.76937612887326,0.0001689553517191577,14192,0.0002964166924357414
ridge,2.9599215394206503e-07,8.714239294213835e-06,82.47248529442803,1.9845775881644317e-05,14192,0.0007232502102851868
mlp,3.650070526056736e-06,0.00011770006164375369,75.30591241908257,0.002290150910549987,14192,0.0002694590948522091
